"model","method","sites","weight","minCR","site.select.cr","age.transform","MAE","lci","uci","Corr","mean.resid","MAE_0","MAE_10","MAE_25","mean.resid_0","mean.resid_10","mean.resid_25"
1,"gam","glmnet","none","minCR2","cr2","none",4.79,2.54,7.31,0.71,-1.11,4.33,4.32,9.63,1.08,1.36,-9.49
1,"glmnet","glmnet","none","minCR2","cr2","none",4.48,2.11,6.68,0.75,-0.88,2.95,4.43,9.63,1.52,1.57,-9.49
1,"rf","glmnet","none","minCR2","cr2","none",3.58,1.09,7.28,0.76,-0.5,1.18,2.78,8.71,3.27,0.89,-8.68
1,"svm","glmnet","none","minCR2","cr2","none",3.13,1.74,6.91,0.81,-1.07,1.53,3.13,8.27,2.13,0.48,-8.79
2,"gam","glmnet","none","minCR3","cr2","none",4.32,1.74,6.44,0.75,-0.48,2.21,4.57,10.14,2.03,1.76,-8.79
2,"glmnet","glmnet","none","minCR3","cr2","none",4.38,2.14,6.91,0.76,-0.42,2.98,4.42,8.15,1.37,2.11,-8.38
2,"rf","glmnet","none","minCR3","cr2","none",3.5,1.06,7.2,0.77,-0.05,1.49,3.59,7.55,3.31,1.31,-7.6
2,"svm","glmnet","none","minCR3","cr2","none",3.19,1.41,6.79,0.8,-0.59,1.54,3.61,7.62,1.89,1.2,-7.87
3,"gam","glmnet","none","minCR4","cr2","none",4.73,2.26,7.32,0.73,0.08,3.18,4.36,9.11,2.78,2.38,-8.59
3,"glmnet","glmnet","none","minCR4","cr2","none",3.89,2.04,6.65,0.74,0,2.59,3.89,10.47,2.51,2.38,-8.62
3,"rf","glmnet","none","minCR4","cr2","none",3.77,2.15,7.28,0.75,0.13,2.35,3.64,8.24,4.15,1.41,-8.15
3,"svm","glmnet","none","minCR4","cr2","none",3.23,1.31,6.92,0.81,-0.24,1.46,3.47,7.8,2.66,1.45,-7.88
4,"gam","glmnet","ci.wt","minCR2","cr2","none",4.35,1.8,7.12,0.75,-0.79,1.76,3.76,9.46,1.84,1.5,-9.38
4,"glmnet","glmnet","ci.wt","minCR2","cr2","none",4.11,1.78,6.68,0.77,-0.8,2.06,4.32,9.29,1.6,1.57,-9.26
4,"rf","glmnet","ci.wt","minCR2","cr2","none",3.23,1.16,6.47,0.78,-0.31,1.22,2.98,7.79,3.01,1.14,-8.02
4,"svm","glmnet","ci.wt","minCR2","cr2","none",3.36,1.51,6.53,0.82,-0.78,2.26,3.36,7.64,2.1,0.64,-7.79
5,"gam","glmnet","ci.wt","minCR3","cr2","none",4.05,1.89,6.8,0.76,-0.37,2.04,4,9.78,2.23,1.82,-8.69
5,"glmnet","glmnet","ci.wt","minCR3","cr2","none",3.84,1.57,6.62,0.77,-0.49,2.81,4.43,7.55,1.5,1.9,-8.42
5,"rf","glmnet","ci.wt","minCR3","cr2","none",3.3,1.09,6.59,0.78,0.03,1.35,3.23,7.47,3.12,1.44,-7.28
5,"svm","glmnet","ci.wt","minCR3","cr2","none",2.88,1.32,5.98,0.83,-0.25,2.26,3.12,6.62,2.13,1.07,-6.39
6,"gam","glmnet","ci.wt","minCR4","cr2","none",4.53,2.3,7.19,0.73,-0.11,3,4.07,9.19,2.79,2.04,-8.74
6,"glmnet","glmnet","ci.wt","minCR4","cr2","none",3.72,1.97,6.51,0.76,-0.03,3,3.72,8.25,2.61,2.1,-8.29
6,"rf","glmnet","ci.wt","minCR4","cr2","none",3.4,2.28,6.65,0.77,0,2.54,3.35,7.34,3.77,1.31,-8.02
6,"svm","glmnet","ci.wt","minCR4","cr2","none",3.24,1.84,5.85,0.8,-0.1,2.33,3.34,5.99,2.86,1.29,-7.18
7,"gam","glmnet","CR","minCR2","cr2","none",4.34,2.11,6.37,0.75,-0.98,4.23,3.58,10.09,0.98,1.48,-9.03
7,"glmnet","glmnet","CR","minCR2","cr2","none",4.5,1.61,5.6,0.79,-0.8,1.67,4.3,8.55,1.98,1.34,-9.28
7,"rf","glmnet","CR","minCR2","cr2","none",3.07,1.35,6.19,0.8,-0.34,1.27,2.65,6.25,3.26,0.66,-7.43
7,"svm","glmnet","CR","minCR2","cr2","none",3.82,1.77,6.49,0.81,-1.14,1.77,3.77,7.27,1.67,0.37,-8.29
8,"gam","glmnet","CR","minCR3","cr2","none",4.71,2.1,7.78,0.73,-0.76,4,3.75,11.08,1.41,1.79,-9.29
8,"glmnet","glmnet","CR","minCR3","cr2","none",4.52,2.2,6.38,0.78,-0.56,2.84,4.52,8.65,1.58,1.79,-8.6
8,"rf","glmnet","CR","minCR3","cr2","none",3.14,1.41,6.29,0.8,-0.1,1.33,2.85,6.84,3.34,0.81,-6.81
8,"svm","glmnet","CR","minCR3","cr2","none",3.7,1.88,5.74,0.82,-0.37,1.93,3.86,7.07,2.44,0.92,-7
9,"gam","glmnet","CR","minCR4","cr2","none",3.69,1.72,7.22,0.77,-0.18,3.14,2.72,7.51,1.95,2.18,-8.2
9,"glmnet","glmnet","CR","minCR4","cr2","none",4.56,1.97,7.96,0.74,-0.18,4,3.69,9.51,2.55,2.08,-8.81
9,"rf","glmnet","CR","minCR4","cr2","none",3.49,2.07,6.66,0.79,-0.07,2.29,3.34,6.94,3.78,1.06,-7.77
9,"svm","glmnet","CR","minCR4","cr2","none",2.28,1.39,5.66,0.84,-0.2,1.37,2.28,6.45,2.12,1.46,-6.97
10,"gam","glmnet","none","minCR2","cr3","none",3.67,1.95,6.29,0.76,-1.12,3.77,2.44,6.81,1,0.8,-8.23
10,"glmnet","glmnet","none","minCR2","cr3","none",3.55,1.84,6.92,0.8,-1.36,2.67,2.95,9.08,0.27,1.31,-9.4
10,"rf","glmnet","none","minCR2","cr3","none",3.3,1.35,7.04,0.8,-0.41,1.52,2.53,8.14,3.53,0.75,-8.32
10,"svm","glmnet","none","minCR2","cr3","none",3.05,1.26,6.19,0.83,-0.82,2.65,2.29,7,2.66,0.03,-7.41
11,"gam","glmnet","none","minCR3","cr3","none",3.84,1.68,6.09,0.79,-0.62,4,3.57,5.83,1.8,0.31,-5.95
11,"glmnet","glmnet","none","minCR3","cr3","none",2.85,1.42,5.66,0.85,-0.51,2.35,2.74,6.68,1.08,1.34,-6.71
11,"rf","glmnet","none","minCR3","cr3","none",3.39,1.38,6.66,0.8,-0.1,1.44,2.94,7.06,3.47,1.02,-7.44
11,"svm","glmnet","none","minCR3","cr3","none",3.06,1.35,5.32,0.85,-0.37,2.86,2.61,7.19,1.96,0.83,-6.15
12,"gam","glmnet","none","minCR4","cr3","none",6.61,3.25,8.45,0.67,0.02,6.27,6.61,7.41,2.57,1.88,-7.52
12,"glmnet","glmnet","none","minCR4","cr3","none",3.15,1.63,5.29,0.87,0.02,3,2.85,4.36,1.7,1.47,-5.41
12,"rf","glmnet","none","minCR4","cr3","none",3.62,2.17,7.09,0.78,-0.05,2.77,3.37,7.95,4.05,1.25,-8.46
12,"svm","glmnet","none","minCR4","cr3","none",2.64,1.62,4.68,0.88,-0.04,2.3,2.74,6.84,1.86,1.28,-5.5
13,"gam","glmnet","ci.wt","minCR2","cr3","none",3.83,1.7,6.35,0.79,-0.98,3.89,2.71,9.67,0.62,1.09,-7.67
13,"glmnet","glmnet","ci.wt","minCR2","cr3","none",2.92,1.44,6.17,0.83,-0.94,2.15,2.23,8.83,1.91,1.07,-9.22
13,"rf","glmnet","ci.wt","minCR2","cr3","none",3.29,1.27,7.24,0.8,-0.37,1.54,2.51,7.68,3.47,0.75,-8.06
13,"svm","glmnet","ci.wt","minCR2","cr3","none",2.95,1.25,5.38,0.85,-0.49,2.37,2.13,6.47,2.73,0.3,-6.59
14,"gam","glmnet","ci.wt","minCR3","cr3","none",3.31,1.5,5.41,0.85,-0.43,3.05,2.96,5.28,1.63,0.41,-5.07
14,"glmnet","glmnet","ci.wt","minCR3","cr3","none",2.37,1.13,5.19,0.86,-0.6,2.13,1.82,6.05,1.21,0.93,-6.4
14,"rf","glmnet","ci.wt","minCR3","cr3","none",3.12,1.33,6.55,0.8,-0.19,1.59,2.98,6.95,3.43,0.9,-7.5
14,"svm","glmnet","ci.wt","minCR3","cr3","none",2.69,1.22,5.23,0.86,-0.19,1.94,2.38,6.52,1.92,1.03,-5.74
15,"gam","glmnet","ci.wt","minCR4","cr3","none",4.63,2.91,7.09,0.76,-0.61,3.79,5.05,6.39,1.73,0.12,-5.4
15,"glmnet","glmnet","ci.wt","minCR4","cr3","none",3.53,1.93,5.18,0.86,-0.08,3.02,2.86,5.33,2.25,1.17,-5.97
15,"rf","glmnet","ci.wt","minCR4","cr3","none",3.71,2.01,6.71,0.77,-0.16,2.63,3.1,8.2,3.96,1.08,-8.45
15,"svm","glmnet","ci.wt","minCR4","cr3","none",3.67,0.99,6.09,0.86,0.26,3.34,3.4,6.6,2.15,1.5,-4.99
16,"gam","glmnet","CR","minCR2","cr3","none",4.57,1.84,6.96,0.77,-1.21,1.97,3.93,8.17,0.29,1.16,-8.44
16,"glmnet","glmnet","CR","minCR2","cr3","none",3.21,1.71,5.72,0.83,-1.12,2.48,2.43,7.24,0.55,1.15,-8.35
16,"rf","glmnet","CR","minCR2","cr3","none",3.48,1.23,7.17,0.79,-0.39,1.81,2.78,7.52,3.49,0.78,-8.24
16,"svm","glmnet","CR","minCR2","cr3","none",3.06,1.86,4.96,0.84,-0.48,2.55,2.6,5.88,2.87,0.13,-6.37
17,"gam","glmnet","CR","minCR3","cr3","none",3.76,2.17,6.01,0.84,-0.66,3.86,3.26,7.11,0.55,0.76,-5.39
17,"glmnet","glmnet","CR","minCR3","cr3","none",2.43,1.12,5.48,0.86,-0.56,2.14,1.68,5.9,1.08,0.98,-6.17
17,"rf","glmnet","CR","minCR3","cr3","none",3.68,1.4,6.54,0.79,-0.22,1.97,3.16,7.57,3.45,0.91,-7.68
17,"svm","glmnet","CR","minCR3","cr3","none",3.44,1.15,5.56,0.86,-0.27,2.66,2.68,5.82,2.14,0.6,-5.44
18,"gam","glmnet","CR","minCR4","cr3","none",2.83,2.24,5.07,0.87,-0.24,2.75,2.87,2.77,0.68,0.28,-2.63
18,"glmnet","glmnet","CR","minCR4","cr3","none",3.45,1.8,4.88,0.87,-0.08,3,2.82,4.89,2.06,1.07,-5.49
18,"rf","glmnet","CR","minCR4","cr3","none",3.65,1.94,6.81,0.77,-0.28,2.52,3.14,8.96,3.91,0.95,-8.66
18,"svm","glmnet","CR","minCR4","cr3","none",2.39,1.43,4.46,0.9,-0.04,2.18,1.95,5.3,1.28,1.14,-4.41
19,"gam","glmnet","none","minCR2","cr4","none",5.9,3.57,8.98,0.65,-1.86,6,5.49,8.91,-0.13,-0.49,-7.2
19,"glmnet","glmnet","none","minCR2","cr4","none",3.9,1.83,6.88,0.79,-1.26,2.89,2.92,8.93,1.1,1.21,-9.86
19,"rf","glmnet","none","minCR2","cr4","none",3.62,1.96,6.47,0.77,-0.15,2.6,3.12,8.36,4.29,1.14,-9.05
19,"svm","glmnet","none","minCR2","cr4","none",2.9,1.57,4.9,0.86,-0.66,2.13,2.79,6.2,2.09,0.31,-6.51
20,"gam","glmnet","none","minCR3","cr4","none",5.13,2.14,8.16,0.74,-1.64,4,5.28,9.3,-1.15,0.17,-6.23
20,"glmnet","glmnet","none","minCR3","cr4","none",2.99,1.29,5.54,0.84,-0.58,2.51,2.23,6.69,1.15,1.15,-6.72
20,"rf","glmnet","none","minCR3","cr4","none",3.52,1.77,6.77,0.78,0.1,2.62,2.64,7.04,4.08,1.43,-8.22
20,"svm","glmnet","none","minCR3","cr4","none",2.64,1.49,5.19,0.88,-0.53,1.93,2.64,5.41,1.58,0.63,-5.94
21,"gam","glmnet","none","minCR4","cr4","none",4.5,1.94,7.21,0.83,0.42,3,3.12,7.58,0.97,1.5,-2.71
21,"glmnet","glmnet","none","minCR4","cr4","none",2.25,1.03,5.01,0.91,0.03,1.34,1.85,4.12,1.54,0.64,-3.38
21,"rf","glmnet","none","minCR4","cr4","none",3.72,2.48,6.56,0.75,-0.17,3.16,2.6,8.02,4.29,1.4,-9.69
21,"svm","glmnet","none","minCR4","cr4","none",1.7,0.88,3.28,0.93,0.11,1.44,1.5,3,1.65,0.86,-3.62
22,"gam","glmnet","ci.wt","minCR2","cr4","none",5.17,2.77,8.92,0.6,-1.89,5,4.65,11.44,-0.44,0.77,-9.68
22,"glmnet","glmnet","ci.wt","minCR2","cr4","none",3.12,1.62,6.5,0.83,-1.05,3.05,2,7.82,1.34,0.93,-8.62
22,"rf","glmnet","ci.wt","minCR2","cr4","none",3.74,1.95,6.89,0.77,-0.22,2.41,3.51,8.1,4.15,1.07,-8.99
22,"svm","glmnet","ci.wt","minCR2","cr4","none",3.2,1.85,5.26,0.85,-0.46,2.55,2.87,5.96,3.07,0.26,-6.84
23,"gam","glmnet","ci.wt","minCR3","cr4","none",4.13,1.4,7.26,0.76,-1.38,4,4.05,5.14,-1.33,0.17,-4.81
23,"glmnet","glmnet","ci.wt","minCR3","cr4","none",3.02,1.25,5.23,0.86,-0.52,2.45,2.09,5.41,1.09,1.09,-6.22
23,"rf","glmnet","ci.wt","minCR3","cr4","none",3.67,1.84,6.8,0.77,-0.04,2.5,3,7.45,4.06,1.26,-8.49
23,"svm","glmnet","ci.wt","minCR3","cr4","none",2.65,1.52,5.29,0.87,-0.57,1.62,2.57,6.1,1.81,0.56,-6.26
24,"gam","glmnet","ci.wt","minCR4","cr4","none",4.89,2.99,7.75,0.8,0.57,4.56,4.86,7.53,0.54,2.22,-2.99
24,"glmnet","glmnet","ci.wt","minCR4","cr4","none",2.13,1.02,4.82,0.9,0.13,1.52,1.87,4.12,2,0.58,-3.39
24,"rf","glmnet","ci.wt","minCR4","cr4","none",3.86,2.22,6.77,0.76,-0.25,3.22,2.85,8.3,4.34,1.2,-9.68
24,"svm","glmnet","ci.wt","minCR4","cr4","none",2.08,0.82,3.21,0.93,0.07,1.38,1.95,3.21,1.57,0.93,-3.84
25,"gam","glmnet","CR","minCR2","cr4","none",3.78,2.28,6.45,0.79,-0.65,3.73,3.64,5.56,0.83,0.91,-6.06
25,"glmnet","glmnet","CR","minCR2","cr4","none",4.52,2.43,6.23,0.75,-0.88,3.31,4.52,8.68,1.98,1.22,-9.33
25,"rf","glmnet","CR","minCR2","cr4","none",3.89,1.6,6.51,0.78,-0.37,1.81,3.61,6.93,3.6,0.79,-8.31
25,"svm","glmnet","CR","minCR2","cr4","none",3.78,2.45,6.14,0.84,-0.51,3.73,3.42,6.74,2.39,0.23,-6.07
26,"gam","glmnet","CR","minCR3","cr4","none",3.18,1.95,6.29,0.86,-0.26,2.35,4.32,4.88,1.42,0.29,-3.78
26,"glmnet","glmnet","CR","minCR3","cr4","none",3.62,2.02,5.79,0.84,-0.42,2.04,3.82,6.87,1.43,1.08,-6.21
26,"rf","glmnet","CR","minCR3","cr4","none",4.16,1.54,5.77,0.79,-0.16,1.91,3.68,6.73,3.5,0.95,-7.59
26,"svm","glmnet","CR","minCR3","cr4","none",3.4,1.92,6.14,0.84,-0.5,2.3,3.33,6.37,2.01,0.41,-5.89
27,"gam","glmnet","CR","minCR4","cr4","none",7.25,3.01,9.45,0.64,0.95,5.66,7.43,7.42,4.59,0.7,-3.47
27,"glmnet","glmnet","CR","minCR4","cr4","none",3.6,2.29,5.77,0.84,-0.01,3.01,4.28,4.2,2.26,0.84,-4.97
27,"rf","glmnet","CR","minCR4","cr4","none",3.87,2.06,6.58,0.76,-0.39,2.63,3.84,8.88,4,0.82,-9.02
27,"svm","glmnet","CR","minCR4","cr4","none",3.57,1.48,5.56,0.86,-0.08,1.57,4.2,6.33,2.18,0.8,-5.09
28,"glmnet","Allsites","none","minCR2","crnone","none",4.33,3.04,6.8,0.71,-0.74,4.29,3.34,11.87,4.57,0.99,-11.75
28,"rf","Allsites","none","minCR2","crnone","none",3.94,1.73,6.89,0.74,-0.25,3.57,2.78,10.11,4.99,0.85,-9.78
28,"svm","Allsites","none","minCR2","crnone","none",3.61,1.91,7.52,0.75,-0.6,3.95,2.18,10.06,4.69,0.37,-9.94
29,"glmnet","Allsites","none","minCR3","crnone","none",4.48,1.91,6.88,0.74,-0.2,2.35,3.17,9.81,3.93,1.48,-9.51
29,"rf","Allsites","none","minCR3","crnone","none",3.92,1.38,7.13,0.75,-0.04,3.04,2.46,9.06,4.71,1.16,-9.13
29,"svm","Allsites","none","minCR3","crnone","none",3.17,1.52,6.87,0.76,-0.82,2.47,2.41,10.05,3.45,0.65,-9.83
30,"glmnet","Allsites","none","minCR4","crnone","none",5.04,1.91,7.5,0.69,-0.13,3.94,3.91,9.62,4.26,1.35,-9.35
30,"rf","Allsites","none","minCR4","crnone","none",3.98,2.26,7.37,0.75,-0.07,3.65,2.54,9.28,4.9,1.19,-9.6
30,"svm","Allsites","none","minCR4","crnone","none",3.09,1.84,6.04,0.78,-0.08,3.09,2.28,8.76,3.44,1.39,-8.09
31,"glmnet","Allsites","ci.wt","minCR2","crnone","none",4.39,2.5,7.4,0.7,-0.7,3.99,3.24,11.26,4.41,1.08,-11.54
31,"rf","Allsites","ci.wt","minCR2","crnone","none",3.92,1.93,6.65,0.75,-0.31,3.6,3,9.96,4.95,0.77,-9.83
32,"glmnet","Allsites","ci.wt","minCR3","crnone","none",4.27,1.93,6.84,0.74,-0.43,2.51,3.44,10.27,3.73,1.27,-9.8
32,"rf","Allsites","ci.wt","minCR3","crnone","none",3.97,1.45,7.62,0.74,-0.19,2.74,2.28,9.16,4.45,1.13,-9.4
33,"glmnet","Allsites","ci.wt","minCR4","crnone","none",5.56,2.89,8.87,0.62,0.26,3.43,4.31,10.31,4.89,2,-9.85
33,"rf","Allsites","ci.wt","minCR4","crnone","none",3.86,2.2,7.39,0.75,-0.23,3.41,2.86,9.74,4.63,0.97,-9.48
34,"glmnet","Allsites","CR","minCR2","crnone","none",4.38,2.47,7.6,0.71,-0.64,4.01,3.04,11.32,4.28,1.25,-11.49
34,"rf","Allsites","CR","minCR2","crnone","none",3.74,1.61,6.81,0.75,-0.35,2.97,2.49,9.61,4.57,0.85,-9.66
35,"glmnet","Allsites","CR","minCR3","crnone","none",3.98,1.96,7.37,0.71,-0.45,2.71,3.53,9.82,3.45,1.57,-10.19
35,"rf","Allsites","CR","minCR3","crnone","none",4.09,1.55,7.17,0.75,-0.2,2.81,2.45,8.8,4.42,1.07,-9.28
36,"glmnet","Allsites","CR","minCR4","crnone","none",5.23,2.61,9.5,0.58,-0.01,3.57,4.7,10.28,4.82,1.65,-10.23
36,"rf","Allsites","CR","minCR4","crnone","none",3.89,2.23,7.3,0.75,-0.27,3.55,2.81,9.8,4.66,0.96,-9.67
37,"gam","RFsites","none","minCR2","cr2","none",4.53,2.29,7.15,0.68,-0.23,4,3.62,7.92,3.14,1.27,-8.1
37,"glmnet","RFsites","none","minCR2","cr2","none",3.93,2.24,7.21,0.77,-1.03,3.06,3.71,9.25,1.53,1.2,-9.37
37,"rf","RFsites","none","minCR2","cr2","none",3.72,1.27,6.23,0.78,-0.4,1.72,2.59,6.25,3.53,0.65,-8.02
37,"svm","RFsites","none","minCR2","cr2","none",3.82,1.58,6,0.81,-0.96,2.76,4.06,8.14,2.54,0.1,-8.04
38,"gam","RFsites","none","minCR3","cr2","none",4.07,1.66,7.11,0.7,-0.02,5,2.29,8.47,3.45,1.44,-7.92
38,"glmnet","RFsites","none","minCR3","cr2","none",4.39,1.64,7.42,0.74,-0.57,3.74,3.53,8.65,1.81,1.71,-8.77
38,"rf","RFsites","none","minCR3","cr2","none",3.13,1.54,6.1,0.78,-0.15,1.71,2.86,6.31,3.52,0.83,-7.3
38,"svm","RFsites","none","minCR3","cr2","none",3.55,1.15,6.06,0.82,-0.4,2.54,3.69,7.7,2.94,0.7,-7.37
39,"gam","RFsites","none","minCR4","cr2","none",4,1.89,7.07,0.74,0.41,4.73,3.2,7.19,2.68,1.98,-6.09
39,"glmnet","RFsites","none","minCR4","cr2","none",4.61,1.93,7.72,0.75,0.15,4,2.65,7.88,2.94,2.32,-8.4
39,"rf","RFsites","none","minCR4","cr2","none",3.78,2.23,7.01,0.74,0.04,2.36,3.46,7.09,4.33,1.26,-8.48
39,"svm","RFsites","none","minCR4","cr2","none",3.36,1.42,5.35,0.84,-0.07,3.05,2.23,5.42,2.84,1.3,-7.05
40,"gam","RFsites","ci.wt","minCR2","cr2","none",4.05,1.46,6.9,0.72,-0.43,4.1,3.26,7.55,2.81,1.02,-8.03
40,"glmnet","RFsites","ci.wt","minCR2","cr2","none",3.62,1.87,5.7,0.76,-0.99,2.31,3.11,7.71,2.23,0.94,-9.61
40,"rf","RFsites","ci.wt","minCR2","cr2","none",3.74,1.26,6.41,0.76,-0.37,1.88,3.09,6.22,3.65,0.78,-8.35
40,"svm","RFsites","ci.wt","minCR2","cr2","none",3.67,1.19,6.06,0.79,-0.98,2.16,3.3,7.86,2.47,0.1,-8.05
41,"gam","RFsites","ci.wt","minCR3","cr2","none",4.81,2.68,7.37,0.71,-0.24,4,3.47,8.59,2.82,1.52,-8.25
41,"glmnet","RFsites","ci.wt","minCR3","cr2","none",3.69,1.79,6.25,0.76,-0.61,3.51,2.85,7.72,1.95,1.35,-8.37
41,"rf","RFsites","ci.wt","minCR3","cr2","none",3.4,1.2,6.32,0.77,-0.17,1.91,3.24,6,3.65,0.94,-7.79
41,"svm","RFsites","ci.wt","minCR3","cr2","none",3.1,1.3,5.91,0.81,-0.45,2.47,2.87,7.42,3.06,0.52,-7.35
42,"gam","RFsites","ci.wt","minCR4","cr2","none",4.27,2.2,9.43,0.62,1.6,4,3.11,7.6,5.02,2.52,-5.09
42,"glmnet","RFsites","ci.wt","minCR4","cr2","none",4.28,2.16,8.43,0.71,-0.07,4,2.76,9.5,2.93,2.35,-9.43
42,"rf","RFsites","ci.wt","minCR4","cr2","none",4,1.96,6.43,0.73,0,2.47,3.27,6.72,4.38,1.3,-8.82
42,"svm","RFsites","ci.wt","minCR4","cr2","none",3.58,2.04,5.75,0.81,-0.49,3.01,3.58,7.71,1.04,1.51,-6.97
43,"gam","RFsites","CR","minCR2","cr2","none",4.29,2.88,7.2,0.7,-0.04,4,3.85,9.37,2.72,1.88,-8.01
43,"glmnet","RFsites","CR","minCR2","cr2","none",4.5,2.41,6.66,0.75,-0.55,3.81,4.43,7.36,1.82,1.9,-9.14
43,"rf","RFsites","CR","minCR2","cr2","none",3.58,1.34,6.34,0.76,-0.34,1.64,3.03,6.4,3.62,0.84,-8.33
43,"svm","RFsites","CR","minCR2","cr2","none",4.69,2.53,5.93,0.77,-0.22,4.27,4.19,6.34,4.21,0.24,-7.29
44,"gam","RFsites","CR","minCR3","cr2","none",4.45,2.64,6.73,0.66,0.39,4.23,3.95,9.84,3.86,1.88,-7.59
44,"glmnet","RFsites","CR","minCR3","cr2","none",4.14,2.46,7.42,0.75,-0.28,2.95,3.81,7.98,2.21,2.08,-8.8
44,"rf","RFsites","CR","minCR3","cr2","none",3.24,1.35,6.07,0.77,-0.18,1.5,3.04,5.63,3.54,0.97,-7.73
44,"svm","RFsites","CR","minCR3","cr2","none",3.99,2.37,6.06,0.78,0.15,3.37,5.23,5.29,3.5,1.06,-6.37
45,"gam","RFsites","CR","minCR4","cr2","none",4.52,2.38,11.52,0.57,1.15,5,4.26,10.6,5.51,2.35,-7.41
45,"glmnet","RFsites","CR","minCR4","cr2","none",4.99,2.01,7.87,0.73,-0.05,4.97,2.98,8.78,3.11,2.2,-9.25
45,"rf","RFsites","CR","minCR4","cr2","none",3.74,2,6.68,0.73,-0.11,2.17,3.22,7.09,4.24,1.22,-8.92
45,"svm","RFsites","CR","minCR4","cr2","none",4,1.79,5.63,0.81,-0.44,2.2,2.93,8.18,2.15,1.43,-8.03
46,"gam","RFsites","none","minCR2","cr3","none",4.44,1.78,8.41,0.71,-0.82,4,2.82,8.23,1.94,0.72,-7.95
46,"glmnet","RFsites","none","minCR2","cr3","none",3.81,2.12,5.91,0.76,-1.05,2.71,3.43,8.11,2.03,0.93,-9.58
46,"rf","RFsites","none","minCR2","cr3","none",3.47,1.17,6.86,0.78,-0.41,1.75,2.81,7.25,3.52,0.65,-8.11
46,"svm","RFsites","none","minCR2","cr3","none",4.04,1.64,6.53,0.81,-0.91,2.68,3.66,7.39,2.3,0.2,-7.73
47,"gam","RFsites","none","minCR3","cr3","none",4.85,2.87,7.55,0.68,0.37,4.83,3.55,7.95,3.98,1.41,-6.82
47,"glmnet","RFsites","none","minCR3","cr3","none",3.51,2.47,6.1,0.78,-0.53,3.09,3.46,7.62,1.66,1.26,-7.44
47,"rf","RFsites","none","minCR3","cr3","none",3.05,1.51,6.35,0.78,-0.16,1.69,2.73,6.48,3.49,0.8,-7.24
47,"svm","RFsites","none","minCR3","cr3","none",3.93,1.05,6.36,0.81,-0.44,2.28,4.06,6.96,2.57,0.8,-7.24
48,"gam","RFsites","none","minCR4","cr3","none",4.12,2.49,8.89,0.73,0.26,4,3.23,6.45,3.11,1.17,-5.62
48,"glmnet","RFsites","none","minCR4","cr3","none",4.2,1.89,8.36,0.72,0.21,4,2.52,8.76,3.11,2.28,-8.26
48,"rf","RFsites","none","minCR4","cr3","none",3.66,2.31,6.84,0.74,0.01,2.43,3.44,7.28,4.43,1.23,-8.66
48,"svm","RFsites","none","minCR4","cr3","none",2.53,1.53,6.23,0.84,-0.4,2.32,2.49,6.26,1.79,1.31,-7.1
49,"gam","RFsites","ci.wt","minCR2","cr3","none",4.52,1.82,7.58,0.75,-0.77,4.99,2.94,4.85,1.65,0.4,-6.64
49,"glmnet","RFsites","ci.wt","minCR2","cr3","none",3.9,2.29,5.94,0.76,-1.14,3,3.14,8.28,2,0.86,-9.8
49,"rf","RFsites","ci.wt","minCR2","cr3","none",3.6,1.22,6.67,0.77,-0.36,1.84,2.97,7.48,3.66,0.8,-8.37
49,"svm","RFsites","ci.wt","minCR2","cr3","none",3.44,1.38,5.87,0.81,-1,2.06,2.64,8.98,2.39,0.13,-8.08
50,"gam","RFsites","ci.wt","minCR3","cr3","none",4.87,2.96,7.95,0.69,0.22,5,3.81,8.03,2.93,1.79,-6.92
50,"glmnet","RFsites","ci.wt","minCR3","cr3","none",3.9,1.83,6.55,0.76,-0.3,4,2.92,6.93,2.27,1.74,-8.27
50,"rf","RFsites","ci.wt","minCR3","cr3","none",3.3,1.27,6.24,0.77,-0.17,1.92,3.15,6.26,3.61,0.95,-7.8
50,"svm","RFsites","ci.wt","minCR3","cr3","none",2.82,1.35,5.54,0.83,-0.44,1.72,2.15,5.57,2.43,0.82,-7.1
51,"gam","RFsites","ci.wt","minCR4","cr3","none",6.22,3.51,9.08,0.66,1.07,5.98,5.48,7.81,2.52,2.06,-3.09
51,"glmnet","RFsites","ci.wt","minCR4","cr3","none",4.41,2.04,6.14,0.8,-0.09,4.33,3.59,6.77,2.62,1.65,-7.59
51,"rf","RFsites","ci.wt","minCR4","cr3","none",4,2.04,6.81,0.75,-0.03,2.52,3.5,7.07,4.33,1.2,-8.62
51,"svm","RFsites","ci.wt","minCR4","cr3","none",3.36,1.78,5.27,0.83,-0.16,2.48,3.13,5.33,1.87,1.49,-6.53
52,"gam","RFsites","CR","minCR2","cr3","none",4.29,1.5,6.25,0.72,-0.07,4,3.29,9.61,2.79,1.48,-7.33
52,"glmnet","RFsites","CR","minCR2","cr3","none",3.72,1.77,7.14,0.77,-0.62,3.19,2.86,8.22,2.09,1.6,-9.17
52,"rf","RFsites","CR","minCR2","cr3","none",3.48,1.46,6.66,0.78,-0.21,1.56,2.9,6.76,3.57,0.93,-7.85
52,"svm","RFsites","CR","minCR2","cr3","none",3.9,1.31,5.35,0.84,0.09,4.18,3.08,4.72,4.07,0.15,-5.48
53,"gam","RFsites","CR","minCR3","cr3","none",4.8,2.18,8.1,0.62,0.44,5,2.6,9.61,4.6,1.46,-7.45
53,"glmnet","RFsites","CR","minCR3","cr3","none",3.73,2.12,6.92,0.78,-0.39,3.01,3.34,7.49,2.15,1.75,-8.51
53,"rf","RFsites","CR","minCR3","cr3","none",3.38,1.4,6.18,0.78,-0.03,1.64,3.21,5.81,3.59,1.06,-7.37
53,"svm","RFsites","CR","minCR3","cr3","none",3.63,1.9,5.45,0.84,0.36,3.76,2.73,4.44,4.22,0.43,-5.06
54,"gam","RFsites","CR","minCR4","cr3","none",5.03,2.81,10.94,0.6,-0.35,5.5,3.24,11.99,3.85,1.41,-9.91
54,"glmnet","RFsites","CR","minCR4","cr3","none",4.43,1.81,7.79,0.74,0.07,3.43,3.19,8.59,3.55,2.04,-8.98
54,"rf","RFsites","CR","minCR4","cr3","none",3.88,1.86,6.21,0.75,0.07,2.13,3.41,6.23,4.33,1.3,-8.42
54,"svm","RFsites","CR","minCR4","cr3","none",3.25,1.5,5.39,0.84,0.08,2.82,2.7,5.34,2.93,1.42,-6.75
55,"gam","RFsites","none","minCR2","cr4","none",4.29,2.35,7.71,0.7,-0.72,3.98,3.43,9.87,1.91,1.04,-8.14
55,"glmnet","RFsites","none","minCR2","cr4","none",3.87,1.93,6.88,0.77,-1.07,2.12,3.15,8.23,2,1,-9.8
55,"rf","RFsites","none","minCR2","cr4","none",3.79,1.31,6.63,0.77,-0.36,1.63,3.14,7.64,3.64,0.75,-8.26
55,"svm","RFsites","none","minCR2","cr4","none",3.4,1.59,5.57,0.83,-0.33,2.48,3.7,5.23,2.57,0.42,-5.93
56,"gam","RFsites","none","minCR3","cr4","none",4.96,2.64,8.73,0.67,0.39,5,3.88,8.76,3.16,2.05,-7.02
56,"glmnet","RFsites","none","minCR3","cr4","none",4.03,2.06,6.5,0.74,-0.09,3.77,3.31,7.36,2.24,2.02,-7.88
56,"rf","RFsites","none","minCR3","cr4","none",3.48,1.6,6,0.77,-0.06,1.76,3.45,5.88,3.64,1.02,-7.46
56,"svm","RFsites","none","minCR3","cr4","none",3.1,1.68,5.46,0.82,-0.54,2.27,2.61,5.47,2.23,0.78,-7.22
57,"gam","RFsites","none","minCR4","cr4","none",5.2,2.16,8.83,0.62,1.4,4,4.58,6.75,3.39,3.35,-5.57
57,"glmnet","RFsites","none","minCR4","cr4","none",4.73,1.9,7.87,0.7,0.3,4,2.91,8.57,3.18,2.78,-9.04
57,"rf","RFsites","none","minCR4","cr4","none",4.19,1.85,6.99,0.74,0.16,2.54,3.61,7.18,4.56,1.42,-8.58
57,"svm","RFsites","none","minCR4","cr4","none",3.09,1.73,5,0.84,-0.45,3.01,2.53,6.6,1.44,1.44,-7.16
58,"gam","RFsites","ci.wt","minCR2","cr4","none",4.05,1.4,7.37,0.7,-0.44,4.1,3.06,7.55,2.85,1.24,-8.59
58,"glmnet","RFsites","ci.wt","minCR2","cr4","none",3.51,1.96,5.73,0.77,-1.16,2.76,2.85,7.92,1.84,0.76,-9.44
58,"rf","RFsites","ci.wt","minCR2","cr4","none",3.92,1.25,6.67,0.75,-0.34,2.04,3.23,6.83,3.65,0.89,-8.44
58,"svm","RFsites","ci.wt","minCR2","cr4","none",3.56,1.22,5.94,0.8,-1.76,1.36,2.94,9.36,2.15,-0.57,-9.67
59,"gam","RFsites","ci.wt","minCR3","cr4","none",4.67,2.27,7.3,0.72,-0.25,4,3.28,7.94,2.97,1.23,-7.87
59,"glmnet","RFsites","ci.wt","minCR3","cr4","none",3.67,1.56,6.07,0.78,-0.61,3.7,2.48,7.62,2.04,1.16,-8.07
59,"rf","RFsites","ci.wt","minCR3","cr4","none",3.49,1.35,6.23,0.76,-0.11,1.64,3.22,6.1,3.62,0.97,-7.57
59,"svm","RFsites","ci.wt","minCR3","cr4","none",3.4,1.49,5.92,0.81,-0.93,1.95,2.15,7.13,1.93,0.67,-8.33
60,"gam","RFsites","ci.wt","minCR4","cr4","none",4.25,2.53,8.84,0.68,0.64,5,3.51,6.87,3.4,2.41,-6.98
60,"glmnet","RFsites","ci.wt","minCR4","cr4","none",3.71,2.16,7.55,0.74,0.03,3.65,2.95,9.03,2.91,2.15,-8.53
60,"rf","RFsites","ci.wt","minCR4","cr4","none",3.83,2.07,6.63,0.73,0.05,2.52,3.38,6.68,4.34,1.4,-8.73
60,"svm","RFsites","ci.wt","minCR4","cr4","none",3.16,1.35,5.54,0.82,-0.11,2.13,2.5,6.2,2.71,1.44,-7.34
61,"gam","RFsites","CR","minCR2","cr4","none",3.52,2.54,6.54,0.79,-0.36,3.44,3.06,6.98,1.44,0.43,-4.56
61,"glmnet","RFsites","CR","minCR2","cr4","none",3.51,2.03,6.07,0.78,-0.96,3.14,2.84,7.58,2.02,0.95,-9.2
61,"rf","RFsites","CR","minCR2","cr4","none",3.22,1.45,6.41,0.76,-0.34,1.61,2.7,5.99,3.65,0.78,-8.22
61,"svm","RFsites","CR","minCR2","cr4","none",3.66,1.4,5.64,0.81,-1.25,1.7,3.25,7.46,2.25,0.03,-8.81
62,"gam","RFsites","CR","minCR3","cr4","none",5.04,2.85,10.2,0.7,0.15,5.45,3.5,8.46,2.48,0.92,-4.71
62,"glmnet","RFsites","CR","minCR3","cr4","none",4.19,1.71,6.03,0.78,-0.68,3.54,3.58,6.94,1.76,1.23,-8.16
62,"rf","RFsites","CR","minCR3","cr4","none",3.07,1.49,5.66,0.77,-0.1,1.49,2.88,5.62,3.63,0.96,-7.49
62,"svm","RFsites","CR","minCR3","cr4","none",2.87,1.5,5.87,0.82,-0.4,2.05,2.71,5.88,2.18,1.05,-7.1
63,"gam","RFsites","CR","minCR4","cr4","none",6.46,4.02,13.65,0.52,2.54,5.69,5.4,8.35,7.11,1.83,-2.16
63,"glmnet","RFsites","CR","minCR4","cr4","none",4.42,2.07,6.03,0.79,-0.24,4.34,3.71,6.22,2.53,1.52,-7.85
63,"rf","RFsites","CR","minCR4","cr4","none",3.95,1.88,6.28,0.75,-0.08,2.17,3.31,6.53,4.2,1.16,-8.61
63,"svm","RFsites","CR","minCR4","cr4","none",3.38,1.27,5.77,0.81,-0.12,1.99,3.15,6.5,2.56,1.47,-7.25
64,"gam","glmnet","none","minCR2","cr2","ln",2.91,1.48,5.96,0.82,-2.05,1.67,3.36,9.63,1.16,-0.83,-9.06
64,"glmnet","glmnet","none","minCR2","cr2","ln",2.79,0.88,6.36,0.79,-2.11,1.17,2.94,9.66,1.46,-0.94,-9.52
64,"rf","glmnet","none","minCR2","cr2","ln",3.13,1.45,6.15,0.8,-1.59,1.38,2.77,9.47,2.41,-0.48,-9.47
65,"gam","glmnet","none","minCR3","cr2","ln",2.72,1.79,6.11,0.74,-1.48,1.96,2.8,9.08,1.49,0.01,-8.81
65,"glmnet","glmnet","none","minCR3","cr2","ln",2.76,1.45,5.89,0.79,-1.4,1.53,3.42,9.25,1.49,-0.34,-7.67
65,"rf","glmnet","none","minCR3","cr2","ln",3.38,1.35,6.24,0.81,-1.17,1.29,3.2,7.33,2.41,-0.25,-8.08
66,"gam","glmnet","none","minCR4","cr2","ln",2.89,0.86,5.21,0.8,-0.47,1.34,2.12,7.15,2.33,0.64,-6.72
66,"glmnet","glmnet","none","minCR4","cr2","ln",3.08,0.96,6,0.78,-0.33,1.07,3.14,10.74,1.84,0.67,-5.46
66,"rf","glmnet","none","minCR4","cr2","ln",3.88,1.8,5.87,0.79,-1.37,1.91,3.69,11.4,2.91,0.07,-10.33
67,"gam","glmnet","ci.wt","minCR2","cr2","ln",2.8,0.92,5.32,0.84,-2.04,2.08,1.16,10.39,1.36,-0.68,-9.65
67,"glmnet","glmnet","ci.wt","minCR2","cr2","ln",2.52,1.09,6.8,0.83,-1.92,1.1,2.52,8.74,1.39,-0.77,-8.94
67,"rf","glmnet","ci.wt","minCR2","cr2","ln",3.62,1.32,6.6,0.79,-1.52,1.7,3.15,9.38,2.37,-0.09,-9.95
68,"gam","glmnet","ci.wt","minCR3","cr2","ln",2.19,1.18,5.1,0.87,-1.48,1.91,1.82,6.82,1.38,-0.21,-8.17
68,"glmnet","glmnet","ci.wt","minCR3","cr2","ln",2.48,1.12,4.94,0.83,-1.4,1.61,2.71,8.03,1.5,-0.2,-7.99
68,"rf","glmnet","ci.wt","minCR3","cr2","ln",3.39,1.34,6.19,0.8,-1.24,1.66,3.25,7.86,2.34,0.1,-9.03
69,"gam","glmnet","ci.wt","minCR4","cr2","ln",2.62,1.43,5.08,0.84,0.24,1.52,2.39,8.81,1.68,0.77,-2.91
69,"glmnet","glmnet","ci.wt","minCR4","cr2","ln",2.27,1.01,6.13,0.81,-0.65,1.86,2.1,8.03,1.72,0.67,-6.74
69,"rf","glmnet","ci.wt","minCR4","cr2","ln",4.05,1.88,6.41,0.77,-1.47,1.99,4,9.37,2.91,0.09,-10.82
70,"gam","glmnet","CR","minCR2","cr2","ln",2.97,1.15,5.06,0.83,-1.85,1.56,2.43,9.57,1.48,-0.72,-8.83
70,"glmnet","glmnet","CR","minCR2","cr2","ln",2.57,1.06,7.64,0.84,-1.78,1.11,2.79,9.16,1.3,-0.69,-8.36
70,"rf","glmnet","CR","minCR2","cr2","ln",4.02,1.06,6.46,0.8,-1.45,1.59,3.42,8.57,2.4,-0.09,-9.65
70,"svm","glmnet","CR","minCR2","cr2","ln",3.17,0.68,5.19,0.83,-1.52,2.22,2.17,6.31,2,-0.97,-7.5
71,"gam","glmnet","CR","minCR3","cr2","ln",2.72,0.96,5.57,0.85,-1.3,1.42,2.39,6.67,1.49,-0.3,-7.3
71,"glmnet","glmnet","CR","minCR3","cr2","ln",2.2,1.13,5.84,0.83,-1.19,1.45,2.06,7.62,1.42,-0.15,-7.05
71,"rf","glmnet","CR","minCR3","cr2","ln",3.86,1.23,6.23,0.81,-1.23,1.55,3.86,8.09,2.36,0.01,-8.84
71,"svm","glmnet","CR","minCR3","cr2","ln",3.1,1.48,5.53,0.82,-1.02,3.08,2.49,5.25,2.19,-0.57,-6.36
72,"gam","glmnet","CR","minCR4","cr2","ln",2.04,1.15,5.76,0.82,-0.31,1.58,1.86,9.44,1.59,0.33,-4.3
72,"glmnet","glmnet","CR","minCR4","cr2","ln",2.54,0.87,5.61,0.8,-0.74,1.41,1.68,8.67,1.9,0.31,-6.65
72,"rf","glmnet","CR","minCR4","cr2","ln",4.15,1.91,5.88,0.78,-1.52,2.1,3.93,10.01,2.82,-0.03,-10.67
72,"svm","glmnet","CR","minCR4","cr2","ln",2.53,1.1,5.08,0.84,-0.4,1.68,2.48,5.02,2.05,0.58,-5.87
73,"gam","glmnet","none","minCR2","cr3","ln",2.76,1.45,6.21,0.83,-1.53,1.63,2.66,8.41,2.14,-1.27,-7.1
73,"glmnet","glmnet","none","minCR2","cr3","ln",3,1.45,7.77,0.79,-2.33,1.71,3,10.16,2.08,-1.08,-11.08
73,"rf","glmnet","none","minCR2","cr3","ln",3.28,1.44,6.89,0.79,-1.73,1.17,3.18,9.98,2.55,-0.63,-9.96
73,"svm","glmnet","none","minCR2","cr3","ln",2.83,1.48,5.02,0.83,-1.41,1.54,2.61,5.74,2.47,-1.46,-6.59
74,"gam","glmnet","none","minCR3","cr3","ln",3,1.18,6.54,0.83,-1.03,1.65,3.15,7.8,2.32,-0.42,-6.94
74,"glmnet","glmnet","none","minCR3","cr3","ln",2.36,1.26,6.34,0.84,-1.19,1.47,2.67,7.64,1.76,-0.59,-6.55
74,"rf","glmnet","none","minCR3","cr3","ln",3.37,1.13,7.09,0.8,-1.48,1.12,3.37,8.59,2.51,-0.5,-9.06
74,"svm","glmnet","none","minCR3","cr3","ln",2.71,1.32,5.26,0.83,-1.02,1.87,2.91,6.34,2.38,-0.95,-5.79
75,"gam","glmnet","none","minCR4","cr3","ln",2.18,0.75,5.93,0.79,0.84,1.18,1.73,5.96,2.61,-0.3,0.91
75,"glmnet","glmnet","none","minCR4","cr3","ln",3.95,1.56,6.55,0.81,-0.6,2.52,3.44,7.06,2.55,-0.1,-5.97
75,"rf","glmnet","none","minCR4","cr3","ln",4.32,1.54,7.04,0.76,-1.67,1.48,3.69,11.29,2.98,-0.26,-11.06
75,"svm","glmnet","none","minCR4","cr3","ln",3.27,1.67,5.64,0.81,-0.57,2.23,2.56,6.71,2.83,-0.64,-5.05
76,"gam","glmnet","ci.wt","minCR2","cr3","ln",3.24,1.5,6.91,0.8,-1.59,2,3.33,8.36,2.49,-1.28,-7.84
76,"glmnet","glmnet","ci.wt","minCR2","cr3","ln",3.1,1.11,6.33,0.82,-2.02,1.37,3.05,8.99,1.81,-1.04,-9.35
76,"rf","glmnet","ci.wt","minCR2","cr3","ln",3.24,1.95,6.68,0.77,-1.79,1.07,3.11,10.12,2.6,-0.63,-10.32
76,"svm","glmnet","ci.wt","minCR2","cr3","ln",3.22,1.68,4.91,0.85,-1.29,1.74,2.56,6.22,2.56,-1.16,-6.8
77,"gam","glmnet","ci.wt","minCR3","cr3","ln",3.92,1.43,7.4,0.77,-1.34,2.3,5.22,8.56,2.76,-1.11,-7.42
77,"glmnet","glmnet","ci.wt","minCR3","cr3","ln",2.65,1.23,5.84,0.85,-1.17,1.83,2.84,7.14,1.88,-0.7,-6.38
77,"rf","glmnet","ci.wt","minCR3","cr3","ln",3.19,1.01,6.79,0.77,-1.61,1.11,3.09,9.14,2.59,-0.46,-9.86
77,"svm","glmnet","ci.wt","minCR3","cr3","ln",2.88,0.99,5.13,0.84,-0.99,1.92,1.7,6.37,2.74,-0.86,-6.37
78,"gam","glmnet","ci.wt","minCR4","cr3","ln",3.17,1.33,7.58,0.71,1.74,2.67,3.44,3.39,3.34,-1.75,7.15
78,"glmnet","glmnet","ci.wt","minCR4","cr3","ln",3.38,1.18,6.76,0.83,0.04,2.24,2.84,6.08,2.49,-0.82,-1.39
78,"rf","glmnet","ci.wt","minCR4","cr3","ln",4.16,1.74,7.34,0.73,-1.77,1.91,3.91,11.82,3.21,-0.38,-11.61
78,"svm","glmnet","ci.wt","minCR4","cr3","ln",2.66,1.29,4.45,0.89,0.07,1.44,3.36,2.36,1.95,0.12,-2.62
79,"gam","glmnet","CR","minCR2","cr3","ln",2.83,0.98,5.82,0.84,-1.72,1.04,3.28,9.17,1.7,-1.17,-7.61
79,"glmnet","glmnet","CR","minCR2","cr3","ln",2.49,0.97,7.32,0.83,-1.92,1.38,2.66,8.5,1.59,-0.93,-8.85
79,"rf","glmnet","CR","minCR2","cr3","ln",3.75,1.47,6.51,0.8,-1.69,1.46,2.81,10.45,2.34,-0.36,-10.08
79,"svm","glmnet","CR","minCR2","cr3","ln",2.9,1.37,5.7,0.85,-1.61,1.57,2.18,6.08,2.29,-1.55,-7.05
80,"gam","glmnet","CR","minCR3","cr3","ln",2.93,1.32,6.21,0.81,-1.46,1.5,2.93,7.27,2,-0.8,-7.62
80,"glmnet","glmnet","CR","minCR3","cr3","ln",2.23,1.17,5.43,0.86,-1.02,1.41,2.54,5.19,1.48,-0.64,-5.24
80,"rf","glmnet","CR","minCR3","cr3","ln",3.16,1.32,6.6,0.8,-1.58,1.66,2.94,10.11,2.27,-0.25,-9.74
80,"svm","glmnet","CR","minCR3","cr3","ln",3.01,1.04,5.26,0.84,-1.02,1.84,2.71,4.5,2.04,-0.65,-5.97
81,"gam","glmnet","CR","minCR4","cr3","ln",2.8,1.14,7.17,0.77,-0.13,1.21,2.8,12.84,2.18,-0.63,-2.21
81,"glmnet","glmnet","CR","minCR4","cr3","ln",2.25,1.21,5.05,0.85,-0.41,1.97,2.36,4.91,1.84,-0.53,-3.23
81,"rf","glmnet","CR","minCR4","cr3","ln",4.04,2.02,6.64,0.77,-1.81,2.11,3.9,11.73,2.73,-0.34,-11.22
81,"svm","glmnet","CR","minCR4","cr3","ln",2.55,0.74,5.95,0.85,0.22,1.74,2.91,6.88,1.94,0.12,-1.88
82,"gam","glmnet","none","minCR2","cr4","ln",2.61,1.09,5.22,0.79,-1.66,1.26,2.6,7.93,1.59,-0.52,-8.58
82,"glmnet","glmnet","none","minCR2","cr4","ln",3.59,1.78,7.2,0.75,-2.18,1.76,4,9.89,2.22,-1.18,-10.38
82,"rf","glmnet","none","minCR2","cr4","ln",4.41,1.64,6.56,0.8,-1.6,1.51,3.85,8.34,2.23,-0.4,-9.44
82,"svm","glmnet","none","minCR2","cr4","ln",3.38,1.57,5.79,0.79,-1.66,1.33,3.38,8.14,2.1,-0.48,-9.35
83,"gam","glmnet","none","minCR3","cr4","ln",3.81,1.4,6.31,0.75,-0.83,1.51,3.47,9.33,1.6,0.46,-6.94
83,"glmnet","glmnet","none","minCR3","cr4","ln",3.26,1.47,6.48,0.78,-1.02,1.02,3.66,8.1,1.76,-0.31,-6.39
83,"rf","glmnet","none","minCR3","cr4","ln",4.2,1.71,6.06,0.81,-1.3,1.57,3.89,6.97,2.22,-0.23,-8.44
83,"svm","glmnet","none","minCR3","cr4","ln",3.31,1.29,5.25,0.82,-0.65,1.61,3.75,4.12,2.47,-0.27,-5.72
84,"gam","glmnet","none","minCR4","cr4","ln",2.47,1.18,5.92,0.84,-0.32,1.45,2.26,6.37,1.91,0.49,-5.12
84,"glmnet","glmnet","none","minCR4","cr4","ln",3.72,1.26,6.93,0.82,-0.5,2.04,3.27,7.2,2.18,-0.07,-5.12
84,"rf","glmnet","none","minCR4","cr4","ln",4.22,1.8,6.58,0.81,-1.42,2.13,3.67,9.83,2.86,-0.15,-10.02
84,"svm","glmnet","none","minCR4","cr4","ln",3.3,1.1,5.34,0.87,-0.08,1.09,2.93,5.11,1.94,1.04,-5.29
85,"gam","glmnet","ci.wt","minCR2","cr4","ln",3.08,1.24,5.74,0.8,-1.52,1.29,2.9,7.93,1.62,-0.35,-8.36
85,"glmnet","glmnet","ci.wt","minCR2","cr4","ln",3.38,1.65,6.99,0.78,-2.07,1.55,4.17,9.34,2.02,-1.14,-9.68
85,"rf","glmnet","ci.wt","minCR2","cr4","ln",4.27,1.71,6.38,0.8,-1.58,1.51,3.75,8.36,2.22,-0.41,-9.31
85,"svm","glmnet","ci.wt","minCR2","cr4","ln",3.24,1.38,6.19,0.8,-1.73,1.19,3.24,8.87,1.87,-0.42,-9.5
86,"gam","glmnet","ci.wt","minCR3","cr4","ln",3.88,1.4,6.43,0.75,-0.83,1.48,2.95,8.32,1.61,0.46,-6.99
86,"glmnet","glmnet","ci.wt","minCR3","cr4","ln",3.21,1.44,6.46,0.78,-1.16,1.05,3.9,7.92,1.79,-0.48,-6.67
86,"rf","glmnet","ci.wt","minCR3","cr4","ln",4.12,1.65,6.3,0.81,-1.36,1.62,3.77,7.4,2.18,-0.27,-8.55
86,"svm","glmnet","ci.wt","minCR3","cr4","ln",2.98,1.03,5.8,0.82,-0.79,1,3.24,5.61,1.92,0.26,-6.79
87,"gam","glmnet","ci.wt","minCR4","cr4","ln",2.53,1.2,6.11,0.84,-0.25,1.33,2.43,6.55,1.92,0.62,-5.09
87,"glmnet","glmnet","ci.wt","minCR4","cr4","ln",3.78,1.12,7.12,0.82,-0.66,1.99,3.23,7.44,2.15,-0.21,-5.49
87,"rf","glmnet","ci.wt","minCR4","cr4","ln",4.35,1.77,6.72,0.8,-1.58,2.22,3.58,10.41,2.79,-0.25,-10.43
87,"svm","glmnet","ci.wt","minCR4","cr4","ln",2.72,1.17,5.09,0.88,0.01,1.14,2.62,4.62,2.21,0.65,-4.38
88,"gam","glmnet","CR","minCR2","cr4","ln",3.44,1.44,5.95,0.76,-1.25,1.54,2.85,7.74,1.98,0.05,-8.5
88,"glmnet","glmnet","CR","minCR2","cr4","ln",3.18,1.29,6.78,0.77,-1.66,1.26,3.96,7.92,1.75,-0.53,-8.79
88,"rf","glmnet","CR","minCR2","cr4","ln",4.12,1.56,6.11,0.81,-1.55,1.19,3.97,8.52,2.25,-0.41,-9.21
88,"svm","glmnet","CR","minCR2","cr4","ln",3.86,1.14,6.92,0.79,-1.55,0.97,4.15,7.57,1.89,-0.21,-9.16
89,"gam","glmnet","CR","minCR3","cr4","ln",3.35,1.06,5.95,0.76,-1,1.39,3.65,7.24,1.67,0.32,-7.52
89,"glmnet","glmnet","CR","minCR3","cr4","ln",2.97,1.01,7.03,0.79,-1.03,0.94,3.78,7.08,1.56,-0.01,-6.77
89,"rf","glmnet","CR","minCR3","cr4","ln",3.78,1.71,6.33,0.82,-1.28,0.99,3.83,7.86,2.2,-0.14,-8.5
89,"svm","glmnet","CR","minCR3","cr4","ln",3.3,1.38,6.34,0.82,-0.53,1.29,3.78,5.99,2.1,0.33,-5.99
90,"gam","glmnet","CR","minCR4","cr4","ln",3.11,1.4,6.56,0.82,-0.12,1.73,2.49,6.14,2.31,0.17,-4.06
90,"glmnet","glmnet","CR","minCR4","cr4","ln",3.7,0.97,7.02,0.82,-0.72,1.77,3.3,8.18,2.02,-0.18,-5.65
90,"rf","glmnet","CR","minCR4","cr4","ln",3.98,1.73,6.12,0.81,-1.58,1.81,3.65,10.3,2.64,-0.27,-10.21
90,"svm","glmnet","CR","minCR4","cr4","ln",2.33,0.89,6.38,0.84,0.06,0.93,1.92,6.1,2.44,0.82,-4.83
91,"glmnet","Allsites","none","minCR2","crnone","ln",4.31,1.94,8.08,0.69,-2.45,1.99,4.31,13.1,3.3,-1.38,-12.64
91,"rf","Allsites","none","minCR2","crnone","ln",3.39,1.59,6.39,0.73,-2.17,1.91,3,12.42,3.08,-0.89,-12.14
91,"svm","Allsites","none","minCR2","crnone","ln",3.64,2.05,5.77,0.74,-2.46,2.26,3.3,12.18,3.17,-1.72,-11.77
92,"glmnet","Allsites","none","minCR3","crnone","ln",4.12,1.94,7.49,0.71,-1.57,2.27,4.54,8.63,2.95,-0.61,-9.82
92,"rf","Allsites","none","minCR3","crnone","ln",3.56,1.99,6.45,0.73,-1.99,2.11,3.02,11.55,3,-0.69,-11.62
92,"svm","Allsites","none","minCR3","crnone","ln",3.18,1.81,7.53,0.71,-1.44,2.11,2.52,10.42,3.23,-0.35,-10.2
93,"glmnet","Allsites","none","minCR4","crnone","ln",4.31,2.31,7.98,0.6,-1.5,3.38,3.74,12.12,3.87,-0.2,-11.67
93,"rf","Allsites","none","minCR4","crnone","ln",3.77,1.86,6.81,0.73,-2.01,2.28,3.45,12.41,3.57,-0.73,-12.4
93,"svm","Allsites","none","minCR4","crnone","ln",2.91,1.81,6.21,0.76,-1.06,2.52,2.71,7.95,3.19,-0.38,-8.33
94,"glmnet","Allsites","ci.wt","minCR2","crnone","ln",3.5,1.68,7.97,0.66,-2.55,2.58,4.08,12.57,2.74,-1.15,-12.81
94,"rf","Allsites","ci.wt","minCR2","crnone","ln",3.42,1.72,6.54,0.73,-2.23,2.16,3.09,12.21,2.93,-0.89,-12.2
94,"svm","Allsites","ci.wt","minCR2","crnone","ln",4.23,1.88,5.6,0.72,-2.35,2.23,3.58,11.64,3.06,-1.53,-11.51
95,"glmnet","Allsites","ci.wt","minCR3","crnone","ln",4.47,1.9,7.88,0.64,-1.47,2.28,4.54,9.57,3.18,-0.19,-10.6
95,"rf","Allsites","ci.wt","minCR3","crnone","ln",3.56,2.08,6.87,0.73,-2.09,2.14,3.07,11.53,2.9,-0.76,-11.79
95,"svm","Allsites","ci.wt","minCR3","crnone","ln",3.67,1.94,7.42,0.71,-1.99,2.11,3.57,10.17,3.11,-1.12,-10.84
96,"glmnet","Allsites","ci.wt","minCR4","crnone","ln",4.22,2.08,8.06,0.63,-1.73,3.26,3.99,11.85,4.17,-1.02,-11.32
96,"rf","Allsites","ci.wt","minCR4","crnone","ln",3.85,1.88,6.78,0.72,-2.07,2.4,3.49,12.49,3.49,-0.79,-12.45
96,"svm","Allsites","ci.wt","minCR4","crnone","ln",3.05,1.87,5.88,0.76,-1.08,2.61,2.7,8.65,3.1,-0.52,-8.01
97,"glmnet","Allsites","CR","minCR2","crnone","ln",4.01,1.71,8.08,0.69,-2.11,2.04,4.4,11.24,3.17,-0.92,-11.91
97,"rf","Allsites","CR","minCR2","crnone","ln",3.42,1.42,6.56,0.73,-2.25,2.15,3.2,12.39,2.96,-0.87,-12.35
97,"svm","Allsites","CR","minCR2","crnone","ln",4.23,1.88,5.6,0.72,-2.35,2.23,3.58,11.64,3.06,-1.53,-11.51
98,"glmnet","Allsites","CR","minCR3","crnone","ln",4.19,2.05,8.18,0.7,-1.5,2.25,4.29,10.03,3.33,-0.6,-10.03
98,"rf","Allsites","CR","minCR3","crnone","ln",3.61,1.86,6.62,0.72,-2.07,2.23,3.11,12.23,2.94,-0.73,-11.85
98,"svm","Allsites","CR","minCR3","crnone","ln",3.67,1.94,7.42,0.71,-1.99,2.11,3.57,10.17,3.11,-1.12,-10.84
99,"glmnet","Allsites","CR","minCR4","crnone","ln",4.58,1.76,7.81,0.65,-1.65,2.89,4.18,10.4,3.88,-0.71,-11.26
99,"rf","Allsites","CR","minCR4","crnone","ln",4.03,1.8,6.71,0.73,-2.12,2.47,3.4,12.13,3.47,-0.87,-12.49
99,"svm","Allsites","CR","minCR4","crnone","ln",3.64,1.95,5.35,0.74,-0.81,2.02,3.36,5.45,3.09,-0.23,-7.39
100,"gam","RFsites","none","minCR2","cr2","ln",3.35,1.72,6.34,0.64,-0.57,2.42,3.37,10.13,2.2,-0.71,-4.06
100,"glmnet","RFsites","none","minCR2","cr2","ln",3.9,1.79,6.52,0.75,-2.01,1.6,3.9,9.65,2.17,-1.14,-9.62
100,"rf","RFsites","none","minCR2","cr2","ln",3.7,1.33,6.15,0.76,-1.64,1.24,3.7,9.23,2.66,-0.55,-9.86
100,"svm","RFsites","none","minCR2","cr2","ln",3.81,2.27,5.41,0.82,-1.19,1.54,4,5.3,2.67,-0.88,-7.1
101,"gam","RFsites","none","minCR3","cr2","ln",4.91,2.67,8.22,0.58,-0.44,2.73,4.23,9.93,2.68,0.36,-6.45
101,"glmnet","RFsites","none","minCR3","cr2","ln",3.26,1.76,6.5,0.73,-1.08,1.94,3.68,9.65,2.23,-0.09,-7.74
101,"rf","RFsites","none","minCR3","cr2","ln",3.57,1.02,5.56,0.78,-1.38,1.29,3.57,7.72,2.62,-0.48,-8.79
101,"svm","RFsites","none","minCR3","cr2","ln",3.49,1.42,5.5,0.8,-0.61,2.96,3.58,6.35,3.08,-0.24,-6.47
102,"gam","RFsites","none","minCR4","cr2","ln",3.83,0.62,8.45,0.65,0.48,1.2,3.4,7.15,2.41,1.21,-3.74
102,"glmnet","RFsites","none","minCR4","cr2","ln",4.52,2.01,7.98,0.67,-0.12,2.64,4.52,8.59,2.58,1.18,-6.65
102,"rf","RFsites","none","minCR4","cr2","ln",3.84,1.39,6.87,0.72,-1.25,1.95,2.68,8.02,3.47,0.08,-10.59
102,"svm","RFsites","none","minCR4","cr2","ln",4,1.53,6.13,0.82,-0.88,1.95,4,7.75,2.33,0.37,-7.99
103,"gam","RFsites","ci.wt","minCR2","cr2","ln",3.17,1.81,6.85,0.66,-0.39,2.32,3,8.57,2.68,-0.1,-5.23
103,"glmnet","RFsites","ci.wt","minCR2","cr2","ln",2.91,1.56,7.47,0.74,-1.77,1.6,2.82,9.38,2.18,-0.82,-9.22
103,"rf","RFsites","ci.wt","minCR2","cr2","ln",3.74,1.17,6.1,0.76,-1.57,1.11,3.69,8.51,2.68,-0.45,-9.83
103,"svm","RFsites","ci.wt","minCR2","cr2","ln",3.3,1.68,6.37,0.79,-1.35,1.68,3.3,6.88,2.68,-0.88,-7.87
104,"gam","RFsites","ci.wt","minCR3","cr2","ln",3.31,1.3,8.06,0.6,-0.02,2.66,2.81,10.13,3.18,0.43,-5.37
104,"glmnet","RFsites","ci.wt","minCR3","cr2","ln",2.84,1.85,6.01,0.73,-1.02,2.11,2.65,10.17,2.32,0,-7.78
104,"rf","RFsites","ci.wt","minCR3","cr2","ln",3.72,0.9,5.8,0.77,-1.34,1.06,3.72,7.55,2.66,-0.29,-9.08
104,"svm","RFsites","ci.wt","minCR3","cr2","ln",3.37,1.93,6.35,0.79,-1.39,2.74,3.32,7.44,3.08,-0.73,-8.91
105,"gam","RFsites","ci.wt","minCR4","cr2","ln",4.13,1.5,10.13,0.56,0.7,1.91,3.46,9.8,3.35,1.52,-4.68
105,"glmnet","RFsites","ci.wt","minCR4","cr2","ln",4.08,1.7,8.56,0.63,-0.95,3.1,3.73,11.51,2.98,0.37,-9.19
105,"rf","RFsites","ci.wt","minCR4","cr2","ln",3.73,1.32,6.18,0.72,-1.32,1.8,2.77,8.49,3.4,0.05,-10.75
105,"svm","RFsites","ci.wt","minCR4","cr2","ln",3.32,1.34,6.49,0.8,-0.76,1.6,3.46,6.64,2.22,0.64,-7.88
106,"gam","RFsites","CR","minCR2","cr2","ln",3.3,1.14,6.14,0.71,-0.4,2.29,2.58,6.92,2.93,-0.38,-5
106,"glmnet","RFsites","CR","minCR2","cr2","ln",3.55,1.69,6.57,0.73,-1.45,1.67,3.55,10,1.99,-0.36,-8.53
106,"rf","RFsites","CR","minCR2","cr2","ln",3.47,1.25,6.23,0.78,-1.68,1.13,3.12,8.68,2.64,-0.7,-9.7
106,"svm","RFsites","CR","minCR2","cr2","ln",3.1,1.33,4.29,0.84,-1.19,1.9,3.44,6.7,2.58,-1.02,-6.68
107,"gam","RFsites","CR","minCR3","cr2","ln",3.49,1.77,7.11,0.65,0.36,2.98,2.87,7.37,3,0.56,-3.69
107,"glmnet","RFsites","CR","minCR3","cr2","ln",3.48,2.01,6.24,0.73,-1,2,3.48,10.54,2.29,0.1,-7.86
107,"rf","RFsites","CR","minCR3","cr2","ln",3.62,1.1,5.66,0.78,-1.44,1.12,3.63,8.43,2.67,-0.51,-9.06
107,"svm","RFsites","CR","minCR3","cr2","ln",3.72,1.56,4.85,0.83,-1.08,1.93,4.03,6.4,2.61,-0.61,-7.15
108,"gam","RFsites","CR","minCR4","cr2","ln",3.92,1.21,7.75,0.68,-0.27,1.52,2.59,10.34,2.82,0.33,-5.8
108,"glmnet","RFsites","CR","minCR4","cr2","ln",4.25,1.57,7.02,0.68,-0.49,3.03,3.75,10.72,2.66,0.56,-7.11
108,"rf","RFsites","CR","minCR4","cr2","ln",3.88,1.46,7.37,0.73,-1.43,1.92,2.98,8.49,3.28,-0.11,-10.72
108,"svm","RFsites","CR","minCR4","cr2","ln",2.7,0.91,5.44,0.82,-0.79,2.16,2.25,7.12,2.49,0.28,-7.57
109,"gam","RFsites","none","minCR2","cr3","ln",3.32,1.92,6.82,0.6,-0.56,2.62,3.1,10.11,2.64,-0.61,-4.81
109,"glmnet","RFsites","none","minCR2","cr3","ln",2.85,1.6,6.36,0.74,-1.75,2.02,2.69,9.94,2.19,-1,-8.78
109,"rf","RFsites","none","minCR2","cr3","ln",3.73,1.09,6.09,0.77,-1.59,1.1,3.58,8.99,2.68,-0.48,-9.83
109,"svm","RFsites","none","minCR2","cr3","ln",3.36,2.01,5.98,0.8,-1.4,2.03,3.5,7.64,2.74,-0.93,-8.07
110,"gam","RFsites","none","minCR3","cr3","ln",3.21,1.7,9.19,0.59,0.25,2.42,3.01,9.96,3.27,0.95,-5.37
110,"glmnet","RFsites","none","minCR3","cr3","ln",2.95,1.92,6.29,0.72,-0.95,2,2.88,10.12,2.34,-0.02,-7.44
110,"rf","RFsites","none","minCR3","cr3","ln",3.73,0.98,5.67,0.77,-1.28,1,3.73,7.03,2.62,-0.27,-8.81
110,"svm","RFsites","none","minCR3","cr3","ln",3.49,1.97,5.17,0.82,-0.85,1.99,3.6,6.32,2.88,-0.23,-7.3
111,"gam","RFsites","none","minCR4","cr3","ln",4.33,1.47,10.57,0.54,0.64,4.02,3.32,9.68,3.79,1.17,-4.79
111,"glmnet","RFsites","none","minCR4","cr3","ln",3.78,1.6,8.01,0.68,-0.46,2.47,3.58,11.02,2.92,0.77,-7.75
111,"rf","RFsites","none","minCR4","cr3","ln",3.68,1.33,6.21,0.72,-1.22,1.71,2.64,8.5,3.44,0.16,-10.58
111,"svm","RFsites","none","minCR4","cr3","ln",3.32,1.34,6.49,0.8,-0.76,1.6,3.46,6.64,2.22,0.64,-7.88
112,"gam","RFsites","ci.wt","minCR2","cr3","ln",3.33,2.04,7.2,0.64,-0.18,2.32,3.41,8.23,2.41,-0.16,-3.78
112,"glmnet","RFsites","ci.wt","minCR2","cr3","ln",3.27,1.69,7.6,0.75,-1.81,1.53,3.27,9.63,1.93,-0.89,-8.91
112,"rf","RFsites","ci.wt","minCR2","cr3","ln",3.75,1.34,6.28,0.76,-1.64,1.22,3.75,8.69,2.66,-0.59,-9.8
112,"svm","RFsites","ci.wt","minCR2","cr3","ln",3.48,1.87,6.32,0.79,-1.68,2.57,3.4,8.6,2.75,-1.05,-9.11
113,"gam","RFsites","ci.wt","minCR3","cr3","ln",3.99,2.27,8.37,0.65,-0.1,2.71,3.59,10.85,2.77,0.42,-5.14
113,"glmnet","RFsites","ci.wt","minCR3","cr3","ln",3.29,1.73,7.16,0.74,-1.37,1.79,3.34,8.99,2.15,-0.18,-8.76
113,"rf","RFsites","ci.wt","minCR3","cr3","ln",3.72,1.07,5.66,0.77,-1.48,1.08,3.72,8.7,2.57,-0.51,-9.13
113,"svm","RFsites","ci.wt","minCR3","cr3","ln",4.05,1.98,5.59,0.82,-1.18,1.77,4.33,5.96,2.08,-0.21,-7.75
114,"gam","RFsites","ci.wt","minCR4","cr3","ln",3.11,1.05,7.93,0.69,-0.17,2.21,1.93,8.65,2.78,0.44,-5.52
114,"glmnet","RFsites","ci.wt","minCR4","cr3","ln",4.63,1.62,7.56,0.69,-0.51,2.63,5,10.87,2.28,0.86,-7.31
114,"rf","RFsites","ci.wt","minCR4","cr3","ln",3.72,1.43,7.09,0.72,-1.44,1.83,3.24,9.3,3.33,-0.03,-10.99
114,"svm","RFsites","ci.wt","minCR4","cr3","ln",3.26,1.18,6.03,0.82,-0.92,1.56,4.14,7.72,2.04,0.35,-7.72
115,"gam","RFsites","CR","minCR2","cr3","ln",3.48,1.94,6.87,0.66,-0.17,2.24,3.48,8.09,2.57,-0.47,-3.27
115,"glmnet","RFsites","CR","minCR2","cr3","ln",3.4,1.71,5.83,0.75,-1.51,1.7,3.4,9.75,1.97,-0.69,-8.07
115,"rf","RFsites","CR","minCR2","cr3","ln",3.56,1.22,6.29,0.77,-1.69,1.08,3.5,8.58,2.66,-0.64,-9.91
115,"svm","RFsites","CR","minCR2","cr3","ln",3.4,2.28,5.88,0.82,-1.54,1.13,3.7,5.89,2.01,-0.84,-7.91
116,"gam","RFsites","CR","minCR3","cr3","ln",3.71,2.04,7.46,0.64,0,2.57,3.51,8.06,2.84,0.04,-3.97
116,"glmnet","RFsites","CR","minCR3","cr3","ln",3.35,1.75,6.99,0.75,-1.36,1.83,3.5,8.83,2.12,-0.21,-8.63
116,"rf","RFsites","CR","minCR3","cr3","ln",3.83,1.06,5.53,0.77,-1.43,1.13,3.83,9.37,2.65,-0.43,-9.19
116,"svm","RFsites","CR","minCR3","cr3","ln",3.9,1.99,5.82,0.83,-1.25,1.83,4.11,6.14,2.14,-0.3,-7.94
117,"gam","RFsites","CR","minCR4","cr3","ln",3.38,1.17,8.68,0.66,0.12,1.21,3.16,5.55,3.69,0.69,-5.99
117,"glmnet","RFsites","CR","minCR4","cr3","ln",4.42,1.34,7.79,0.69,-0.03,2.75,4.66,10.08,2.44,1.42,-6.55
117,"rf","RFsites","CR","minCR4","cr3","ln",3.67,1.41,7.01,0.72,-1.43,1.89,3.25,9.36,3.29,-0.06,-10.87
117,"svm","RFsites","CR","minCR4","cr3","ln",3.19,1.26,5.61,0.83,-0.97,1.59,3.58,7.62,1.94,0.25,-7.62
118,"gam","RFsites","none","minCR2","cr4","ln",2.82,1.6,6.08,0.62,-0.49,2.33,2.42,11.36,2.58,-0.31,-5.04
118,"glmnet","RFsites","none","minCR2","cr4","ln",3.2,1.69,6.73,0.73,-1.63,1.88,2.92,9.29,2.21,-0.56,-9.22
118,"rf","RFsites","none","minCR2","cr4","ln",3.2,1.28,6.44,0.79,-1.57,1.18,2.85,9,2.69,-0.64,-9.39
118,"svm","RFsites","none","minCR2","cr4","ln",2.7,1.8,4.99,0.86,-1.02,1.94,3.07,5.44,2.35,-0.76,-6.2
119,"gam","RFsites","none","minCR3","cr4","ln",3.44,1.86,7.43,0.59,0.17,2.39,2.76,10.11,3.13,0.88,-5.4
119,"glmnet","RFsites","none","minCR3","cr4","ln",3.19,1.89,6.46,0.72,-0.88,2.07,2.96,10.63,2.47,0.19,-7.76
119,"rf","RFsites","none","minCR3","cr4","ln",3.02,0.95,6.11,0.78,-1.33,1.12,2.86,7.71,2.62,-0.43,-8.69
119,"svm","RFsites","none","minCR3","cr4","ln",2.94,1.7,5.34,0.85,-0.87,1.77,2.95,6.06,2.45,-0.23,-6.79
120,"gam","RFsites","none","minCR4","cr4","ln",5.02,1.74,8.89,0.63,0.29,1.75,3.34,10.25,3.22,0.97,-5.16
120,"glmnet","RFsites","none","minCR4","cr4","ln",3.65,1.59,8.11,0.69,-0.7,2.84,2.88,9.66,2.74,0.44,-7.87
120,"rf","RFsites","none","minCR4","cr4","ln",3.76,1.61,7,0.73,-1.15,1.93,3.13,9.5,3.65,0.1,-10.41
120,"svm","RFsites","none","minCR4","cr4","ln",3.03,1.23,4.59,0.84,-0.75,1.99,2.85,6.77,2.29,0.28,-7.13
121,"gam","RFsites","ci.wt","minCR2","cr4","ln",3.34,1.38,5.56,0.79,-0.57,2.45,3.04,7.42,2.65,0.24,-6.7
121,"glmnet","RFsites","ci.wt","minCR2","cr4","ln",3.32,1.93,8.08,0.73,-1.75,2.12,3.23,10.44,2.5,-0.41,-10.48
121,"rf","RFsites","ci.wt","minCR2","cr4","ln",3.63,1.33,6.47,0.76,-1.64,1.33,3.5,9.85,2.66,-0.51,-9.98
121,"svm","RFsites","ci.wt","minCR2","cr4","ln",3.71,1.76,6.22,0.8,-0.86,2.02,3.44,6.24,3.35,-0.38,-7.67
122,"gam","RFsites","ci.wt","minCR3","cr4","ln",3.54,1.96,7.41,0.69,-0.5,2.59,3.32,8.9,3.16,1.28,-9.38
122,"glmnet","RFsites","ci.wt","minCR3","cr4","ln",3.79,1.97,7.97,0.71,-1.06,2.5,3.29,9.43,2.61,0.32,-9.09
122,"rf","RFsites","ci.wt","minCR3","cr4","ln",3.7,1.33,6.01,0.76,-1.45,1.28,3.53,8.66,2.62,-0.32,-9.48
122,"svm","RFsites","ci.wt","minCR3","cr4","ln",4.47,1.4,6.95,0.77,-0.6,2.51,4.47,7.34,3.09,0.51,-8.05
123,"gam","RFsites","ci.wt","minCR4","cr4","ln",4.88,1.2,8.82,0.66,0.95,1.84,5.55,6.38,3.63,2.29,-5.62
123,"glmnet","RFsites","ci.wt","minCR4","cr4","ln",3.99,1.85,8.86,0.67,-1.1,1.98,3.19,9.97,2.69,0.66,-10.12
123,"rf","RFsites","ci.wt","minCR4","cr4","ln",3.67,1.25,6.93,0.71,-1.43,1.85,3.04,9.02,3.36,-0.08,-10.91
123,"svm","RFsites","ci.wt","minCR4","cr4","ln",3.5,2.3,7.4,0.78,-0.37,2.39,3.5,8.56,2.81,1.43,-8.63
124,"gam","RFsites","CR","minCR2","cr4","ln",2.97,1.17,5.66,0.73,-0.57,2.41,2.52,7.53,2.44,-0.56,-4.7
124,"glmnet","RFsites","CR","minCR2","cr4","ln",2.98,1.87,6.15,0.76,-1.53,1.6,2.96,9.64,2.02,-0.6,-8.41
124,"rf","RFsites","CR","minCR2","cr4","ln",3.58,0.79,6.39,0.79,-1.64,1.11,3.55,9.3,2.6,-0.69,-9.49
124,"svm","RFsites","CR","minCR2","cr4","ln",3.26,1.78,5.56,0.81,-1.48,2.15,3.21,8.64,2.54,-0.88,-8.26
125,"gam","RFsites","CR","minCR3","cr4","ln",3.49,1.74,7.01,0.65,0.23,2.78,2.87,7.37,2.89,0.34,-3.64
125,"glmnet","RFsites","CR","minCR3","cr4","ln",2.95,1.83,5.67,0.75,-0.96,2.03,2.95,9.83,2.26,-0.04,-7.37
125,"rf","RFsites","CR","minCR3","cr4","ln",3.24,0.93,6.22,0.78,-1.38,1.01,2.91,7.81,2.63,-0.4,-8.98
125,"svm","RFsites","CR","minCR3","cr4","ln",3.25,0.85,5.55,0.82,-1.1,0.95,3.3,6.93,1.99,0.04,-7.83
126,"gam","RFsites","CR","minCR4","cr4","ln",4.71,1.68,7.43,0.65,0.89,1.87,4.68,12.29,2.77,2.65,-5.53
126,"glmnet","RFsites","CR","minCR4","cr4","ln",4.13,1.85,7.4,0.65,-0.55,2.89,4.15,10.53,2.75,0.85,-8.09
126,"rf","RFsites","CR","minCR4","cr4","ln",3.93,1.36,6.28,0.73,-1.41,1.75,3.14,9.1,3.26,-0.07,-10.71
126,"svm","RFsites","CR","minCR4","cr4","ln",3.01,1.23,5.58,0.83,-0.58,1.54,2.81,6.97,2.42,0.63,-7.3
